Workbook
Name colon: Names!$O$2
Name column: 'Mixed references 2'!$B$3:$B$12
Name cost: Names!$C$2:$C$20
Name cost_box: Names!$H$2:$H$20
Name coste: Names!#REF!
Name coste: 'References 2D'!#REF!
Name coste: 'Tables references'!#REF!
Name coste: 'Absolute and relative reference'!#REF!
Name precio: Names!#REF!
Name precio: 'References 2D'!#REF!
Name precio: 'Tables references'!#REF!
Name precio: 'Absolute and relative reference'!#REF!
Name price: Names!$D$2:$D$20
Name price_box: Names!$I$2:$I$20
Name profit_box: Names!$J$2:$J$20
Name quantity: Names!$F$2:$F$20
Name row: 'Mixed references 2'!$C$2:$L$2
Name rupee: Names!$O$3
Name weight: Names!$B$2:$B$20

Sheet Absolute and relative reference
A1: Fruit | B1: Box weight Kg | C1: Cost per Kg | D1: Price per Kg | E1: Buyer | F1: Quantity | G1: Fruit origin | H1: Cost per box | I1: Price per box | J1: Profit per box | K1: Local profit | M1: Country | N1: Currency | O1: Equivalence 1 euro
A2: Apple | B2: 2 | C2: 100 | D2: 150 | E2: Alcampo | F2: 20 | G2: Costa Rica | H2: =C2*B2 -> 200 | I2: =B2*D2 -> 300 | J2: =I2-H2 -> 100 | K2: =J2*$O$2 -> 71428.571 | M2: Costa Rica | N2: Colón | O2: =1/0.0014 -> 714.28571
A3: Apple | B3: 2 | C3: 100 | D3: 150 | E3: Mercadona | F3: 30 | G3: Costa Rica | H3: =C3*B3 -> 200 | I3: =B3*D3 -> 300 | J3: =I3-H3 -> 100 | K3: =J3*$O$2 -> 71428.571 | M3: India | N3: Rupee | O3: =1/0.012 -> 83.333333
A4: Apple | B4: 2 | C4: 100 | D4: 150 | E4: Dia | F4: 15 | G4: Costa Rica | H4: =C4*B4 -> 200 | I4: =B4*D4 -> 300 | J4: =I4-H4 -> 100 | K4: =J4*$O$2 -> 71428.571
A5: Apple | B5: 4 | C5: 200 | D5: 300 | E5: Alcampo | F5: 10 | G5: Costa Rica | H5: =C5*B5 -> 800 | I5: =B5*D5 -> 1200 | J5: =I5-H5 -> 400 | K5: =J5*$O$2 -> 285714.29
A6: Apple | B6: 4 | C6: 200 | D6: 300 | E6: Mercadona | F6: 20 | G6: Costa Rica | H6: =C6*B6 -> 800 | I6: =B6*D6 -> 1200 | J6: =I6-H6 -> 400 | K6: =J6*$O$2 -> 285714.29
A7: Apple | B7: 4 | C7: 200 | D7: 300 | E7: Dia | F7: 30 | G7: Costa Rica | H7: =C7*B7 -> 800 | I7: =B7*D7 -> 1200 | J7: =I7-H7 -> 400 | K7: =J7*$O$2 -> 285714.29
A8: Apple | B8: 4 | C8: 200 | D8: 300 | E8: Lidl | F8: 40 | G8: Costa Rica | H8: =C8*B8 -> 800 | I8: =B8*D8 -> 1200 | J8: =I8-H8 -> 400 | K8: =J8*$O$2 -> 285714.29
A9: Orange | B9: 2 | C9: 150 | D9: 120 | E9: Alcampo | F9: 5 | G9: Costa Rica | H9: =C9*B9 -> 300 | I9: =B9*D9 -> 240 | J9: =I9-H9 -> -60 | K9: =J9*$O$2 -> -42857.143
A10: Orange | B10: 2 | C10: 150 | D10: 120 | E10: Mercadona | F10: 25 | G10: Costa Rica | H10: =C10*B10 -> 300 | I10: =B10*D10 -> 240 | J10: =I10-H10 -> -60 | K10: =J10*$O$2 -> -42857.143
A11: Orange | B11: 2 | C11: 150 | D11: 120 | E11: Dia | F11: 15 | G11: Costa Rica | H11: =C11*B11 -> 300 | I11: =B11*D11 -> 240 | J11: =I11-H11 -> -60 | K11: =J11*$O$2 -> -42857.143
A12: Orange | B12: 4 | C12: 300 | D12: 240 | E12: Alcampo | F12: 20 | G12: Costa Rica | H12: =C12*B12 -> 1200 | I12: =B12*D12 -> 960 | J12: =I12-H12 -> -240 | K12: =J12*$O$2 -> -171428.57
A13: Orange | B13: 4 | C13: 300 | D13: 240 | E13: Mercadona | F13: 10 | G13: Costa Rica | H13: =C13*B13 -> 1200 | I13: =B13*D13 -> 960 | J13: =I13-H13 -> -240 | K13: =J13*$O$2 -> -171428.57
A14: Orange | B14: 4 | C14: 300 | D14: 240 | E14: Dia | F14: 5 | G14: Costa Rica | H14: =C14*B14 -> 1200 | I14: =B14*D14 -> 960 | J14: =I14-H14 -> -240 | K14: =J14*$O$2 -> -171428.57
A15: Orange | B15: 4 | C15: 300 | D15: 240 | E15: Lidl | F15: 25 | G15: Costa Rica | H15: =C15*B15 -> 1200 | I15: =B15*D15 -> 960 | J15: =I15-H15 -> -240 | K15: =J15*$O$2 -> -171428.57
A16: Mango | B16: 2 | C16: 80 | D16: 160 | E16: Alcampo | F16: 35 | G16: India | H16: =C16*B16 -> 160 | I16: =B16*D16 -> 320 | J16: =I16-H16 -> 160 | K16: =H16*$O$3 -> 13333.333
A17: Mango | B17: 2 | C17: 80 | D17: 160 | E17: Mercadona | F17: 40 | G17: India | H17: =C17*B17 -> 160 | I17: =B17*D17 -> 320 | J17: =I17-H17 -> 160 | K17: =H17*$O$3 -> 13333.333
A18: Mango | B18: 2 | C18: 80 | D18: 160 | E18: Dia | F18: 20 | G18: India | H18: =C18*B18 -> 160 | I18: =B18*D18 -> 320 | J18: =I18-H18 -> 160 | K18: =H18*$O$3 -> 13333.333
A19: Mango | B19: 4 | C19: 160 | D19: 320 | E19: Alcampo | F19: 30 | G19: India | H19: =C19*B19 -> 640 | I19: =B19*D19 -> 1280 | J19: =I19-H19 -> 640 | K19: =H19*$O$3 -> 53333.333
A20: Mango | B20: 4 | C20: 160 | D20: 320 | E20: Mercadona | F20: 40 | G20: India | H20: =C20*B20 -> 640 | I20: =B20*D20 -> 1280 | J20: =I20-H20 -> 640 | K20: =H20*$O$3 -> 53333.333

Sheet Mixed references
C1: ROWS | N1: You need to introduce A SINGLE FORMULA in cell C3 and, next, drag this cell towards the right and down in order to fill in the rest of the table (or towards down and right). You need to use mixed references in order to manage to do this.
A2: COLUMNS | C2: 1 | D2: 2 | E2: 3 | F2: 4 | G2: 5 | H2: 6 | I2: 7 | J2: 8 | K2: 9 | L2: 10
B3: 1 | C3: =$B3*C$2 -> 1 | D3: =$B3*D$2 -> 2 | E3: =$B3*E$2 -> 3 | F3: =$B3*F$2 -> 4 | G3: =$B3*G$2 -> 5 | H3: =$B3*H$2 -> 6 | I3: =$B3*I$2 -> 7 | J3: =$B3*J$2 -> 8 | ... L3: =$B3*L$2 -> 10
B4: 2 | C4: =$B4*C$2 -> 2 | D4: =$B4*D$2 -> 4 | E4: =$B4*E$2 -> 6 | F4: =$B4*F$2 -> 8 | G4: =$B4*G$2 -> 10 | H4: =$B4*H$2 -> 12 | I4: =$B4*I$2 -> 14 | J4: =$B4*J$2 -> 16 | ... L4: =$B4*L$2 -> 20 | N4: The cells must be filled with the result of multiplying each number of the ROWS with the numbers of the columns. For instance, cell H9 must be the result of the multiplication of 6 (ROW) with 7 (Column), that is, 42.
B5: 3 | C5: =$B5*C$2 -> 3 | D5: =$B5*D$2 -> 6 | E5: =$B5*E$2 -> 9 | F5: =$B5*F$2 -> 12 | G5: =$B5*G$2 -> 15 | H5: =$B5*H$2 -> 18 | I5: =$B5*I$2 -> 21 | J5: =$B5*J$2 -> 24 | ... L5: =$B5*L$2 -> 30
B6: 4 | C6: =$B6*C$2 -> 4 | D6: =$B6*D$2 -> 8 | E6: =$B6*E$2 -> 12 | F6: =$B6*F$2 -> 16 | G6: =$B6*G$2 -> 20 | H6: =$B6*H$2 -> 24 | I6: =$B6*I$2 -> 28 | J6: =$B6*J$2 -> 32 | ... L6: =$B6*L$2 -> 40
B7: 5 | C7: =$B7*C$2 -> 5 | D7: =$B7*D$2 -> 10 | E7: =$B7*E$2 -> 15 | F7: =$B7*F$2 -> 20 | G7: =$B7*G$2 -> 25 | H7: =$B7*H$2 -> 30 | I7: =$B7*I$2 -> 35 | J7: =$B7*J$2 -> 40 | ... L7: =$B7*L$2 -> 50
B8: 6 | C8: =$B8*C$2 -> 6 | D8: =$B8*D$2 -> 12 | E8: =$B8*E$2 -> 18 | F8: =$B8*F$2 -> 24 | G8: =$B8*G$2 -> 30 | H8: =$B8*H$2 -> 36 | I8: =$B8*I$2 -> 42 | J8: =$B8*J$2 -> 48 | ... L8: =$B8*L$2 -> 60
B9: 7 | C9: =$B9*C$2 -> 7 | D9: =$B9*D$2 -> 14 | E9: =$B9*E$2 -> 21 | F9: =$B9*F$2 -> 28 | G9: =$B9*G$2 -> 35 | H9: =$B9*H$2 -> 42 | I9: =$B9*I$2 -> 49 | J9: =$B9*J$2 -> 56 | ... L9: =$B9*L$2 -> 70
B10: 8 | C10: =$B10*C$2 -> 8 | D10: =$B10*D$2 -> 16 | E10: =$B10*E$2 -> 24 | F10: =$B10*F$2 -> 32 | G10: =$B10*G$2 -> 40 | H10: =$B10*H$2 -> 48 | I10: =$B10*I$2 -> 56 | J10: =$B10*J$2 -> 64 | ... L10: =$B10*L$2 -> 80 | N10: Euro to dollar exchange rate | O10: 1.16
B11: 9 | C11: =$B11*C$2 -> 9 | D11: =$B11*D$2 -> 18 | E11: =$B11*E$2 -> 27 | F11: =$B11*F$2 -> 36 | G11: =$B11*G$2 -> 45 | H11: =$B11*H$2 -> 54 | I11: =$B11*I$2 -> 63 | J11: =$B11*J$2 -> 72 | ... L11: =$B11*L$2 -> 90
B12: 10 | C12: =$B12*C$2 -> 10 | D12: =$B12*D$2 -> 20 | E12: =$B12*E$2 -> 30 | F12: =$B12*F$2 -> 40 | G12: =$B12*G$2 -> 50 | H12: =$B12*H$2 -> 60 | I12: =$B12*I$2 -> 70 | J12: =$B12*J$2 -> 80 | ... L12: =$B12*L$2 -> 100

Sheet References 2D
A1: Fruit | B1: Box weight Kg | C1: Cost per Kg | D1: Price per Kg | E1: Buyer | F1: Quantity | G1: Fruit origin | H1: Profit in dolars
A2: Apple | B2: 2 | C2: 100 | D2: 150 | E2: Alcampo | F2: 20 | G2: Costa Rica | H2: =(D2-C2)*B2*F2*'Mixed references'!$O$10 -> 2320
A3: Apple | B3: 2 | C3: 100 | D3: 150 | E3: Mercadona | F3: 30 | G3: Costa Rica | H3: =(D3-C3)*B3*F3*'Mixed references'!$O$10 -> 3480
A4: Apple | B4: 2 | C4: 100 | D4: 150 | E4: Dia | F4: 15 | G4: Costa Rica | H4: =(D4-C4)*B4*F4*'Mixed references'!$O$10 -> 1740
A5: Apple | B5: 4 | C5: 200 | D5: 300 | E5: Alcampo | F5: 10 | G5: Costa Rica | H5: =(D5-C5)*B5*F5*'Mixed references'!$O$10 -> 4640
A6: Apple | B6: 4 | C6: 200 | D6: 300 | E6: Mercadona | F6: 20 | G6: Costa Rica | H6: =(D6-C6)*B6*F6*'Mixed references'!$O$10 -> 9280
A7: Apple | B7: 4 | C7: 200 | D7: 300 | E7: Dia | F7: 30 | G7: Costa Rica | H7: =(D7-C7)*B7*F7*'Mixed references'!$O$10 -> 13920
A8: Apple | B8: 4 | C8: 200 | D8: 300 | E8: Lidl | F8: 40 | G8: Costa Rica | H8: =(D8-C8)*B8*F8*'Mixed references'!$O$10 -> 18560
A9: Orange | B9: 2 | C9: 150 | D9: 120 | E9: Alcampo | F9: 5 | G9: Costa Rica | H9: =(D9-C9)*B9*F9*'Mixed references'!$O$10 -> -348
A10: Orange | B10: 2 | C10: 150 | D10: 120 | E10: Mercadona | F10: 25 | G10: Costa Rica | H10: =(D10-C10)*B10*F10*'Mixed references'!$O$10 -> -1740
A11: Orange | B11: 2 | C11: 150 | D11: 120 | E11: Dia | F11: 15 | G11: Costa Rica | H11: =(D11-C11)*B11*F11*'Mixed references'!$O$10 -> -1044
A12: Orange | B12: 4 | C12: 300 | D12: 240 | E12: Alcampo | F12: 20 | G12: Costa Rica | H12: =(D12-C12)*B12*F12*'Mixed references'!$O$10 -> -5568
A13: Orange | B13: 4 | C13: 300 | D13: 240 | E13: Mercadona | F13: 10 | G13: Costa Rica | H13: =(D13-C13)*B13*F13*'Mixed references'!$O$10 -> -2784
... A20: Mango | B20: 4 | C20: 160 | D20: 320 | E20: Mercadona | F20: 40 | G20: India | H20: =(D20-C20)*B20*F20*'Mixed references'!$O$10 -> 29696

Sheet References 3D 1 
A2: Euro to dollar exchange rate | B2: 1.16

Sheet References 3D 2
A1: Fruit | B1: Box weight Kg | C1: Cost per Kg | D1: Price per Kg | E1: Buyer | F1: Quantity | G1: Fruit origin | H1: Cost in dollars
A2: Apple | B2: 2 | C2: 100 | D2: 150 | E2: Alcampo | F2: 20 | G2: Costa Rica | H2: =(D2-C2)*B2*F2*[1]Sheet1!$B$2 -> 4000
A3: Apple | B3: 2 | C3: 100 | D3: 150 | E3: Mercadona | F3: 30 | G3: Costa Rica | H3: =(D3-C3)*B3*F3*[1]Sheet1!$B$2 -> 6000
A4: Apple | B4: 2 | C4: 100 | D4: 150 | E4: Dia | F4: 15 | G4: Costa Rica | H4: =(D4-C4)*B4*F4*[1]Sheet1!$B$2 -> 3000
A5: Apple | B5: 4 | C5: 200 | D5: 300 | E5: Alcampo | F5: 10 | G5: Costa Rica | H5: =(D5-C5)*B5*F5*[1]Sheet1!$B$2 -> 8000
A6: Apple | B6: 4 | C6: 200 | D6: 300 | E6: Mercadona | F6: 20 | G6: Costa Rica | H6: =(D6-C6)*B6*F6*[1]Sheet1!$B$2 -> 16000
A7: Apple | B7: 4 | C7: 200 | D7: 300 | E7: Dia | F7: 30 | G7: Costa Rica | H7: =(D7-C7)*B7*F7*[1]Sheet1!$B$2 -> 24000
A8: Apple | B8: 4 | C8: 200 | D8: 300 | E8: Lidl | F8: 40 | G8: Costa Rica | H8: =(D8-C8)*B8*F8*[1]Sheet1!$B$2 -> 32000
A9: Orange | B9: 2 | C9: 150 | D9: 120 | E9: Alcampo | F9: 5 | G9: Costa Rica | H9: =(D9-C9)*B9*F9*[1]Sheet1!$B$2 -> -600
A10: Orange | B10: 2 | C10: 150 | D10: 120 | E10: Mercadona | F10: 25 | G10: Costa Rica | H10: =(D10-C10)*B10*F10*[1]Sheet1!$B$2 -> -3000
A11: Orange | B11: 2 | C11: 150 | D11: 120 | E11: Dia | F11: 15 | G11: Costa Rica | H11: =(D11-C11)*B11*F11*[1]Sheet1!$B$2 -> -1800
A12: Orange | B12: 4 | C12: 300 | D12: 240 | E12: Alcampo | F12: 20 | G12: Costa Rica | H12: =(D12-C12)*B12*F12*[1]Sheet1!$B$2 -> -9600
A13: Orange | B13: 4 | C13: 300 | D13: 240 | E13: Mercadona | F13: 10 | G13: Costa Rica | H13: =(D13-C13)*B13*F13*[1]Sheet1!$B$2 -> -4800
... A20: Mango | B20: 4 | C20: 160 | D20: 320 | E20: Mercadona | F20: 40 | G20: India | H20: =(D20-C20)*B20*F20*[1]Sheet1!$B$2 -> 51200

Sheet Names
A1: Fruit | B1: Box weight Kg | C1: Cost per Kg | D1: Price per Kg | E1: Buyer | F1: Quantity | G1: Fruit origin | H1: cost per box | I1: price per box | J1: profit per box | K1: local profit | M1: Country | N1: Currency | O1: Equivalence 1 euro
A2: Apple | B2: 2 | C2: 100 | D2: 150 | E2: Alcampo | F2: 20 | G2: Costa Rica | H2: {=weight*cost} -> 200 | I2: {=weight*price} -> 300 | J2: {=price_box-cost_box} -> 100 | K2: =J2*F2*colon -> 1428571.4 | M2: Costa Rica | N2: Colón | O2: =1/0.0014 -> 714.28571
A3: Apple | B3: 2 | C3: 100 | D3: 150 | E3: Mercadona | F3: 30 | G3: Costa Rica | H3: 200 | I3: 300 | J3: 100 | K3: =J3*F3*colon -> 2142857.1 | M3: India | N3: Rupee | O3: =1/0.012 -> 83.333333
A4: Apple | B4: 2 | C4: 100 | D4: 150 | E4: Dia | F4: 15 | G4: Costa Rica | H4: 200 | I4: 300 | J4: 100 | K4: =J4*F4*colon -> 1071428.6
A5: Apple | B5: 4 | C5: 200 | D5: 300 | E5: Alcampo | F5: 10 | G5: Costa Rica | H5: 800 | I5: 1200 | J5: 400 | K5: =J5*F5*colon -> 2857142.9
A6: Apple | B6: 4 | C6: 200 | D6: 300 | E6: Mercadona | F6: 20 | G6: Costa Rica | H6: 800 | I6: 1200 | J6: 400 | K6: =J6*F6*colon -> 5714285.7
A7: Apple | B7: 4 | C7: 200 | D7: 300 | E7: Dia | F7: 30 | G7: Costa Rica | H7: 800 | I7: 1200 | J7: 400 | K7: =J7*F7*colon -> 8571428.6
A8: Apple | B8: 4 | C8: 200 | D8: 300 | E8: Lidl | F8: 40 | G8: Costa Rica | H8: 800 | I8: 1200 | J8: 400 | K8: =J8*F8*colon -> 11428571
A9: Orange | B9: 2 | C9: 150 | D9: 120 | E9: Alcampo | F9: 5 | G9: Costa Rica | H9: 300 | I9: 240 | J9: -60 | K9: =J9*F9*colon -> -214285.71
A10: Orange | B10: 2 | C10: 150 | D10: 120 | E10: Mercadona | F10: 25 | G10: Costa Rica | H10: 300 | I10: 240 | J10: -60 | K10: =J10*F10*colon -> -1071428.6
A11: Orange | B11: 2 | C11: 150 | D11: 120 | E11: Dia | F11: 15 | G11: Costa Rica | H11: 300 | I11: 240 | J11: -60 | K11: =J11*F11*colon -> -642857.14
A12: Orange | B12: 4 | C12: 300 | D12: 240 | E12: Alcampo | F12: 20 | G12: Costa Rica | H12: 1200 | I12: 960 | J12: -240 | K12: =J12*F12*colon -> -3428571.4
A13: Orange | B13: 4 | C13: 300 | D13: 240 | E13: Mercadona | F13: 10 | G13: Costa Rica | H13: 1200 | I13: 960 | J13: -240 | K13: =J13*F13*colon -> -1714285.7
A14: Orange | B14: 4 | C14: 300 | D14: 240 | E14: Dia | F14: 5 | G14: Costa Rica | H14: 1200 | I14: 960 | J14: -240 | K14: =J14*F14*colon -> -857142.86
A15: Orange | B15: 4 | C15: 300 | D15: 240 | E15: Lidl | F15: 25 | G15: Costa Rica | H15: 1200 | I15: 960 | J15: -240 | K15: =J15*F15*colon -> -4285714.3
A16: Mango | B16: 2 | C16: 80 | D16: 160 | E16: Alcampo | F16: 35 | G16: India | H16: 160 | I16: 320 | J16: 160 | K16: =J16*F16*rupee -> 466666.67
A17: Mango | B17: 2 | C17: 80 | D17: 160 | E17: Mercadona | F17: 40 | G17: India | H17: 160 | I17: 320 | J17: 160 | K17: =J17*F17*rupee -> 533333.33
A18: Mango | B18: 2 | C18: 80 | D18: 160 | E18: Dia | F18: 20 | G18: India | H18: 160 | I18: 320 | J18: 160 | K18: =J18*F18*rupee -> 266666.67
A19: Mango | B19: 4 | C19: 160 | D19: 320 | E19: Alcampo | F19: 30 | G19: India | H19: 640 | I19: 1280 | J19: 640 | K19: =J19*F19*rupee -> 1600000
A20: Mango | B20: 4 | C20: 160 | D20: 320 | E20: Mercadona | F20: 40 | G20: India | H20: 640 | I20: 1280 | J20: 640 | K20: =J20*F20*rupee -> 2133333.3

Sheet Mixed references 2
C1: ROWS
A2: CLUMNS | C2: 1 | D2: 2 | E2: 3 | F2: 4 | G2: 5 | H2: 6 | I2: 7 | J2: 8 | K2: 9 | L2: 10
B3: 1 | C3: {=column*row} -> 1 | D3: 2 | E3: 3 | F3: 4 | G3: 5 | H3: 6 | I3: 7 | J3: 8 | K3: 9 | L3: 10
B4: 2 | C4: 2 | D4: 4 | E4: 6 | F4: 8 | G4: 10 | H4: 12 | I4: 14 | J4: 16 | K4: 18 | L4: 20
B5: 3 | C5: 3 | D5: 6 | E5: 9 | F5: 12 | G5: 15 | H5: 18 | I5: 21 | J5: 24 | K5: 27 | L5: 30
B6: 4 | C6: 4 | D6: 8 | E6: 12 | F6: 16 | G6: 20 | H6: 24 | I6: 28 | J6: 32 | K6: 36 | L6: 40
B7: 5 | C7: 5 | D7: 10 | E7: 15 | F7: 20 | G7: 25 | H7: 30 | I7: 35 | J7: 40 | K7: 45 | L7: 50
B8: 6 | C8: 6 | D8: 12 | E8: 18 | F8: 24 | G8: 30 | H8: 36 | I8: 42 | J8: 48 | K8: 54 | L8: 60
B9: 7 | C9: 7 | D9: 14 | E9: 21 | F9: 28 | G9: 35 | H9: 42 | I9: 49 | J9: 56 | K9: 63 | L9: 70
B10: 8 | C10: 8 | D10: 16 | E10: 24 | F10: 32 | G10: 40 | H10: 48 | I10: 56 | J10: 64 | K10: 72 | L10: 80
B11: 9 | C11: 9 | D11: 18 | E11: 27 | F11: 36 | G11: 45 | H11: 54 | I11: 63 | J11: 72 | K11: 81 | L11: 90
B12: 10 | C12: 10 | D12: 20 | E12: 30 | F12: 40 | G12: 50 | H12: 60 | I12: 70 | J12: 80 | K12: 90 | L12: 100

Sheet Tables references
A1: Fruit | B1: Box weight Kg | C1: Cost per Kg | D1: Price per Kg | E1: Buyer | F1: Quantity | G1: Fruit origin | L1: Country | M1: Currency | N1: Equivalence 1 euro
A2: Apple | B2: 2 | C2: 100 | D2: 150 | E2: Alcampo | F2: 20 | G2: Costa Rica | L2: Costa Rica | M2: Colón | N2: =1/0.0014 -> 714.28571
A3: Apple | B3: 2 | C3: 100 | D3: 150 | E3: Mercadona | F3: 30 | G3: Costa Rica | L3: India | M3: Rupee | N3: =1/0.012 -> 83.333333
A4: Apple | B4: 2 | C4: 100 | D4: 150 | E4: Dia | F4: 15 | G4: Costa Rica
A5: Apple | B5: 4 | C5: 200 | D5: 300 | E5: Alcampo | F5: 10 | G5: Costa Rica
A6: Apple | B6: 4 | C6: 200 | D6: 300 | E6: Mercadona | F6: 20 | G6: Costa Rica
A7: Apple | B7: 4 | C7: 200 | D7: 300 | E7: Dia | F7: 30 | G7: Costa Rica
A8: Apple | B8: 4 | C8: 200 | D8: 300 | E8: Lidl | F8: 40 | G8: Costa Rica
A9: Orange | B9: 2 | C9: 150 | D9: 120 | E9: Alcampo | F9: 5 | G9: Costa Rica
A10: Orange | B10: 2 | C10: 150 | D10: 120 | E10: Mercadona | F10: 25 | G10: Costa Rica
A11: Orange | B11: 2 | C11: 150 | D11: 120 | E11: Dia | F11: 15 | G11: Costa Rica
A12: Orange | B12: 4 | C12: 300 | D12: 240 | E12: Alcampo | F12: 20 | G12: Costa Rica
A13: Orange | B13: 4 | C13: 300 | D13: 240 | E13: Mercadona | F13: 10 | G13: Costa Rica
A14: Orange | B14: 4 | C14: 300 | D14: 240 | E14: Dia | F14: 5 | G14: Costa Rica
A15: Orange | B15: 4 | C15: 300 | D15: 240 | E15: Lidl | F15: 25 | G15: Costa Rica
... A20: Mango | B20: 4 | C20: 160 | D20: 320 | E20: Mercadona | F20: 40 | G20: India
